from,to,from_name,to_name
6,7,ВТ_ПЕНСИОННЫЕСЧЕТА_ПР,ВТ_ПенсионныеСчета
11,12,ВТ_ТИПЫПЕНСИЙНАЧАЛОПЕРИОДА,ВТ_ВыплатныеНачалоПериода
11,13,ВТ_ТИПЫПЕНСИЙНАЧАЛОПЕРИОДА,ВТ_СостояниеНачалоПериода
7,13,ВТ_ПЕНСИОННЫЕСЧЕТА,ВТ_СостояниеНачалоПериода
7,14,ВТ_ПЕНСИОННЫЕСЧЕТА,ВТ_ВидОбязательствНачало
12,14,ВТ_ВЫПЛАТНЫЕНАЧАЛОПЕРИОДА,ВТ_ВидОбязательствНачало
13,14,ВТ_СОСТОЯНИЕНАЧАЛОПЕРИОДА,ВТ_ВидОбязательствНачало
7,15,ВТ_ПЕНСИОННЫЕСЧЕТА,ВТ_ИзмененияВидаОбязательств_Предв
15,16,ВТ_ИЗМЕНЕНИЯВИДАОБЯЗАТЕЛЬСТВ_ПРЕДВ,ВТ_ИзмененияВидаОбязательств
14,17,ВТ_ВИДОБЯЗАТЕЛЬСТВНАЧАЛО,ВТ_ВидыОбязательств
16,17,ВТ_ИЗМЕНЕНИЯВИДАОБЯЗАТЕЛЬСТВ,ВТ_ВидыОбязательств
17,18,ВТ_ВИДЫОБЯЗАТЕЛЬСТВ,ВТ_ВидыОбязательствДвижение
18,19,ВТ_ВИДЫОБЯЗАТЕЛЬСТВДВИЖЕНИЕ,ВТ_СчетаТранзитныеВидыОбязательств
18,20,ВТ_ВИДЫОБЯЗАТЕЛЬСТВДВИЖЕНИЕ,ВТ_СчетаНеТранзитныеВидыОбязательств
19,20,ВТ_СЧЕТАТРАНЗИТНЫЕВИДЫОБЯЗАТЕЛЬСТВ,ВТ_СчетаНеТранзитныеВидыОбязательств
18,21,ВТ_ВИДЫОБЯЗАТЕЛЬСТВДВИЖЕНИЕ,ВТ_НеТранзитныеВидыНачалоКонец
20,21,ВТ_СЧЕТАНЕТРАНЗИТНЫЕВИДЫОБЯЗАТЕЛЬСТВ,ВТ_НеТранзитныеВидыНачалоКонец
18,22,ВТ_ВИДЫОБЯЗАТЕЛЬСТВДВИЖЕНИЕ,ВТ_ТранзитныеВидыНачалоКонец
19,22,ВТ_СЧЕТАТРАНЗИТНЫЕВИДЫОБЯЗАТЕЛЬСТВ,ВТ_ТранзитныеВидыНачалоКонец
3,23,ВТ_ДОКУМЕНТЫСТОРНО,ВТ_СторнированныеСуммыТранзитныеВиды
22,23,ВТ_ТРАНЗИТНЫЕВИДЫНАЧАЛОКОНЕЦ,ВТ_СторнированныеСуммыТранзитныеВиды
22,24,ВТ_ТРАНЗИТНЫЕВИДЫНАЧАЛОКОНЕЦ,ВТ_ОстаткиТранзитныеВиды
22,27,ВТ_ТРАНЗИТНЫЕВИДЫНАЧАЛОКОНЕЦ,ВТ_ВыплатыПРТранзитныеВиды
27,28,ВТ_ВЫПЛАТЫПРТРАНЗИТНЫЕВИДЫ,ВТ_ВыплатыТранзитныеВиды
22,29,ВТ_ТРАНЗИТНЫЕВИДЫНАЧАЛОКОНЕЦ,ВТ_ПеремещенияВСтраховойРезервТранзитныеВиды
4,30,ВТ_ПЕРЕВОДЫИЗРЕГИСТРОВ_ВИДЫДВИЖЕНИЙ,ВТ_ПереводыИзРегистров_РезервыТранзитныеВиды
22,30,ВТ_ТРАНЗИТНЫЕВИДЫНАЧАЛОКОНЕЦ,ВТ_ПереводыИзРегистров_РезервыТранзитныеВиды
5,30,ВТ_ПЕРЕВОДЫИЗРЕГИСТРОВ_ВИДЫДВИЖЕНИЙ_ВРЕЗЕРВЫ,ВТ_ПереводыИзРегистров_РезервыТранзитныеВиды
29,31,ВТ_ПЕРЕМЕЩЕНИЯВСТРАХОВОЙРЕЗЕРВТРАНЗИТНЫЕВИДЫ,ВТ_ПереводыИзРегистров_РегистрыТранзитныеВиды
30,31,ВТ_ПЕРЕВОДЫИЗРЕГИСТРОВ_РЕЗЕРВЫТРАНЗИТНЫЕВИДЫ,ВТ_ПереводыИзРегистров_РегистрыТранзитныеВиды
31,32,ВТ_ПЕРЕВОДЫИЗРЕГИСТРОВ_РЕГИСТРЫТРАНЗИТНЫЕВИДЫ,ВТ_ПереводыТранзитныеВиды
28,33,ВТ_ВЫПЛАТЫТРАНЗИТНЫЕВИДЫ,ВТ_ОстаткиТранзитныеВиды_Предв
22,33,ВТ_ТРАНЗИТНЫЕВИДЫНАЧАЛОКОНЕЦ,ВТ_ОстаткиТранзитныеВиды_Предв
32,33,ВТ_ПЕРЕВОДЫТРАНЗИТНЫЕВИДЫ,ВТ_ОстаткиТранзитныеВиды_Предв
25,33,ВТ_СУММЫ_ПР_ТРАНЗИТНЫЕВИДЫ,ВТ_ОстаткиТранзитныеВиды_Предв
33,34,ВТ_ОСТАТКИТРАНЗИТНЫЕВИДЫ_ПРЕДВ,ВТ_ТранзитныеВидыНачалоКонец_Суммы
38,39,ВТ_ТРАНЗИТНЫЕВИДЫ_ПЕРИОДЫГАРАНТВОСПОЛНЕНИЯ,ВТ_ПенсионныеСчета_Свойства_ТранзитныеОбязательства
8,39,ВТ_ПРИЧИНЫЗАКРЫТИЯ,ВТ_ПенсионныеСчета_Свойства_ТранзитныеОбязательства
9,39,ВТ_ВИДЫПЕНСИОННЫХСЧЕТОВ,ВТ_ПенсионныеСчета_Свойства_ТранзитныеОбязательства
7,39,ВТ_ПЕНСИОННЫЕСЧЕТА,ВТ_ПенсионныеСчета_Свойства_ТранзитныеОбязательства
10,39,ВТ_ПЕНСИОННЫЕСЧЕТАРПВ,ВТ_ПенсионныеСчета_Свойства_ТранзитныеОбязательства
35,39,ВТ_ТРАНЗИТНЫЕВИДЫ_ГРУППЫСЧЕТОВ,ВТ_ПенсионныеСчета_Свойства_ТранзитныеОбязательства
37,39,ВТ_ТРАНЗИТНЫЕВИДЫ_ДАТЫФИКСАЦИИ,ВТ_ПенсионныеСчета_Свойства_ТранзитныеОбязательства
36,39,ВТ_ТРАНЗИТНЫЕВИДЫ_ТИПЫДОГОВОРОВЕПС,ВТ_ПенсионныеСчета_Свойства_ТранзитныеОбязательства
22,39,ВТ_ТРАНЗИТНЫЕВИДЫНАЧАЛОКОНЕЦ,ВТ_ПенсионныеСчета_Свойства_ТранзитныеОбязательства
7,40,ВТ_ПЕНСИОННЫЕСЧЕТА,ВТ_ПенсионныеСчетаСПТ
8,41,ВТ_ПРИЧИНЫЗАКРЫТИЯ,ВТ_ПенсионныеСчета_Свойства
9,41,ВТ_ВИДЫПЕНСИОННЫХСЧЕТОВ,ВТ_ПенсионныеСчета_Свойства
7,41,ВТ_ПЕНСИОННЫЕСЧЕТА,ВТ_ПенсионныеСчета_Свойства
40,41,ВТ_ПЕНСИОННЫЕСЧЕТАСПТ,ВТ_ПенсионныеСчета_Свойства
10,41,ВТ_ПЕНСИОННЫЕСЧЕТАРПВ,ВТ_ПенсионныеСчета_Свойства
41,43,ВТ_ПЕНСИОННЫЕСЧЕТА_СВОЙСТВА,ВТ_ПенсионныеСчета_НеИПС
41,44,ВТ_ПЕНСИОННЫЕСЧЕТА_СВОЙСТВА,ВТ_СчетаДоговоров_СчетаУчастников
41,45,ВТ_ПЕНСИОННЫЕСЧЕТА_СВОЙСТВА,ВТ_ПенсионныеСчета_Орг_ПС_ТР
1,45,ВТ_ТИПЫРЕЗЕРВОВ,ВТ_ПенсионныеСчета_Орг_ПС_ТР
41,46,ВТ_ПЕНСИОННЫЕСЧЕТА_СВОЙСТВА,ВТ_ПенсионныеСчета_Орг_Уч_ПС
41,47,ВТ_ПЕНСИОННЫЕСЧЕТА_СВОЙСТВА,ВТ_ПенсионныеДоговоры
48,49,ВТ_ПАРАМЕТРЫПЕНСИОННЫХДОГОВОРОВ,ВТ_ПенсионныеДоговоры_Свойства
47,49,ВТ_ПЕНСИОННЫЕДОГОВОРЫ,ВТ_ПенсионныеДоговоры_Свойства
49,50,ВТ_ПЕНСИОННЫЕДОГОВОРЫ_СВОЙСТВА,ВТ_СхемыПенсионныхСчетов
8,50,ВТ_ПРИЧИНЫЗАКРЫТИЯ,ВТ_СхемыПенсионныхСчетов
42,50,ВТ_СОСТОЯНИЯПЕНСИОННЫХСЧЕТОВ,ВТ_СхемыПенсионныхСчетов
50,51,ВТ_СХЕМЫПЕНСИОННЫХСЧЕТОВ,ВТ_ПенсионныеСхемы
51,52,ВТ_ПЕНСИОННЫЕСХЕМЫ,ВТ_Схемы_Свойства
49,53,ВТ_ПЕНСИОННЫЕДОГОВОРЫ_СВОЙСТВА,ВТ_СхемыПенсионныхСчетов_ТранзитныеОбязательства
8,53,ВТ_ПРИЧИНЫЗАКРЫТИЯ,ВТ_СхемыПенсионныхСчетов_ТранзитныеОбязательства
42,53,ВТ_СОСТОЯНИЯПЕНСИОННЫХСЧЕТОВ,ВТ_СхемыПенсионныхСчетов_ТранзитныеОбязательства
49,54,ВТ_ПЕНСИОННЫЕДОГОВОРЫ_СВОЙСТВА,ВТ_Вкладчики
41,55,ВТ_ПЕНСИОННЫЕСЧЕТА_СВОЙСТВА,ВТ_ФизическиеЛица
41,56,ВТ_ПЕНСИОННЫЕСЧЕТА_СВОЙСТВА,ВТ_ВкладчикиУчастники
54,56,ВТ_ВКЛАДЧИКИ,ВТ_ВкладчикиУчастники
56,57,ВТ_ВКЛАДЧИКИУЧАСТНИКИ,ВТ_ДанныеКонтрагентов
57,59,ВТ_ДАННЫЕКОНТРАГЕНТОВ,ВТ_ФИО_ИП
57,60,ВТ_ДАННЫЕКОНТРАГЕНТОВ,ВТ_ПаспортныеДанные_ПоследняяЗапись
60,61,ВТ_ПАСПОРТНЫЕДАННЫЕ_ПОСЛЕДНЯЯЗАПИСЬ,ВТ_ПаспортныеДанные_1
61,62,ВТ_ПАСПОРТНЫЕДАННЫЕ_1,ВТ_ПаспортныеДанные_Cleared
62,63,ВТ_ПАСПОРТНЫЕДАННЫЕ_CLEARED,ВТ_ПаспортныеДанные
63,64,ВТ_ПАСПОРТНЫЕДАННЫЕ,ВТ_Данные_к
58,64,ВТ_ФИО_ФЛ,ВТ_Данные_к
57,64,ВТ_ДАННЫЕКОНТРАГЕНТОВ,ВТ_Данные_к
59,64,ВТ_ФИО_ИП,ВТ_Данные_к
64,65,ВТ_ДАННЫЕ_К,ВТ_Идентификаторы264
65,66,ВТ_ИДЕНТИФИКАТОРЫ264,ВТ_ИдентификаторыКонтрагентов
55,67,ВТ_ФИЗИЧЕСКИЕЛИЦА,ВТ_ФизическиеЛица_Свойства
67,68,ВТ_ФИЗИЧЕСКИЕЛИЦА_СВОЙСТВА,ВТ_ФизическиеЛица_ДляПаспортов
63,70,ВТ_ПАСПОРТНЫЕДАННЫЕ,ВТ_ИдентификаторыКонтрагентов_Старые
54,70,ВТ_ВКЛАДЧИКИ,ВТ_ИдентификаторыКонтрагентов_Старые
55,70,ВТ_ФИЗИЧЕСКИЕЛИЦА,ВТ_ИдентификаторыКонтрагентов_Старые
69,70,ВТ_ГРАЖДАНСТВОФИЗИЧЕСКИХЛИЦ,ВТ_ИдентификаторыКонтрагентов_Старые
67,70,ВТ_ФИЗИЧЕСКИЕЛИЦА_СВОЙСТВА,ВТ_ИдентификаторыКонтрагентов_Старые
7,71,ВТ_ПЕНСИОННЫЕСЧЕТА,ВТ_Корректировки
71,72,ВТ_КОРРЕКТИРОВКИ,ВТ_Суммы_ПР
52,73,ВТ_СХЕМЫ_СВОЙСТВА,ВТ_Суммы_ПР_дляВС
72,73,ВТ_СУММЫ_ПР,ВТ_Суммы_ПР_дляВС
50,73,ВТ_СХЕМЫПЕНСИОННЫХСЧЕТОВ,ВТ_Суммы_ПР_дляВС
49,74,ВТ_ПЕНСИОННЫЕДОГОВОРЫ_СВОЙСТВА,ВТ_СуммыКоэффициентыВС_предв
73,74,ВТ_СУММЫ_ПР_ДЛЯВС,ВТ_СуммыКоэффициентыВС_предв
74,75,ВТ_СУММЫКОЭФФИЦИЕНТЫВС_ПРЕДВ,ВТ_СуммыКоэффициентыВС
75,76,ВТ_СУММЫКОЭФФИЦИЕНТЫВС,ВТ_РасчетнаяДатаВС
73,77,ВТ_СУММЫ_ПР_ДЛЯВС,ВТ_Сумма_ПР_дляПП
77,78,ВТ_СУММА_ПР_ДЛЯПП,ВТ_РасчетныеСуммыПП_пред
78,80,ВТ_РАСЧЕТНЫЕСУММЫПП_ПРЕД,ВТ_РасчетныеСуммыПП
79,80,ВТ_ОСТАТКИНАСЛЕДНИКОВ,ВТ_РасчетныеСуммыПП
50,81,ВТ_СХЕМЫПЕНСИОННЫХСЧЕТОВ,ВТ_Суммы_ПР_С_Обязательствами
42,81,ВТ_СОСТОЯНИЯПЕНСИОННЫХСЧЕТОВ,ВТ_Суммы_ПР_С_Обязательствами
41,81,ВТ_ПЕНСИОННЫЕСЧЕТА_СВОЙСТВА,ВТ_Суммы_ПР_С_Обязательствами
52,81,ВТ_СХЕМЫ_СВОЙСТВА,ВТ_Суммы_ПР_С_Обязательствами
72,81,ВТ_СУММЫ_ПР,ВТ_Суммы_ПР_С_Обязательствами
81,82,ВТ_СУММЫ_ПР_С_ОБЯЗАТЕЛЬСТВАМИ,ВТ_Суммы
41,84,ВТ_ПЕНСИОННЫЕСЧЕТА_СВОЙСТВА,ВТ_РегистраторыНачисленийСолидарныхСчетов
83,84,ВТ_НАЧИСЛЕНИЯПЕНСИЙПОСЧЕТАМ,ВТ_РегистраторыНачисленийСолидарныхСчетов
86,87,ВТ_ДВИЖЕНИЯПОРЕГИСТРАТОРАМ,ВТ_ДвиженияПоДокументам
7,88,ВТ_ПЕНСИОННЫЕСЧЕТА,ВТ_ПеремещенияВСтраховойРезерв
7,89,ВТ_ПЕНСИОННЫЕСЧЕТА,ВТ_ВозвратыПенсий
4,90,ВТ_ПЕРЕВОДЫИЗРЕГИСТРОВ_ВИДЫДВИЖЕНИЙ,ВТ_ПереводыИзРегистров_Резервы
7,90,ВТ_ПЕНСИОННЫЕСЧЕТА,ВТ_ПереводыИзРегистров_Резервы
5,90,ВТ_ПЕРЕВОДЫИЗРЕГИСТРОВ_ВИДЫДВИЖЕНИЙ_ВРЕЗЕРВЫ,ВТ_ПереводыИзРегистров_Резервы
90,91,ВТ_ПЕРЕВОДЫИЗРЕГИСТРОВ_РЕЗЕРВЫ,ВТ_ПереводыИзРегистров_Регистры
85,91,ВТ_НАЧИСЛЕНИЯСОЛИДАРНЫХСЧЕТОВКРАСПРЕДЕЛЕНИЮ,ВТ_ПереводыИзРегистров_Регистры
88,91,ВТ_ПЕРЕМЕЩЕНИЯВСТРАХОВОЙРЕЗЕРВ,ВТ_ПереводыИзРегистров_Регистры
91,92,ВТ_ПЕРЕВОДЫИЗРЕГИСТРОВ_РЕГИСТРЫ,ВТ_Переводы
83,93,ВТ_НАЧИСЛЕНИЯПЕНСИЙПОСЧЕТАМ,ВТ_ПереводыПР
85,93,ВТ_НАЧИСЛЕНИЯСОЛИДАРНЫХСЧЕТОВКРАСПРЕДЕЛЕНИЮ,ВТ_ПереводыПР
87,93,ВТ_ДВИЖЕНИЯПОДОКУМЕНТАМ,ВТ_ПереводыПР
88,93,ВТ_ПЕРЕМЕЩЕНИЯВСТРАХОВОЙРЕЗЕРВ,ВТ_ПереводыПР
93,94,ВТ_ПЕРЕВОДЫПР,ВТ_Переводы_Устарело
3,95,ВТ_ДОКУМЕНТЫСТОРНО,ВТ_СторнированныеСуммы
96,97,ВТ_ВЫПЛАТЫПР,ВТ_Выплаты
47,99,ВТ_ПЕНСИОННЫЕДОГОВОРЫ,ВТ_МГД
98,99,ВТ_МГД_ПР,ВТ_МГД
41,100,ВТ_ПЕНСИОННЫЕСЧЕТА_СВОЙСТВА,ВТ_Умершие
42,100,ВТ_СОСТОЯНИЯПЕНСИОННЫХСЧЕТОВ,ВТ_Умершие
52,103,ВТ_СХЕМЫ_СВОЙСТВА,ВТ_Срочники
50,103,ВТ_СХЕМЫПЕНСИОННЫХСЧЕТОВ,ВТ_Срочники
42,103,ВТ_СОСТОЯНИЯПЕНСИОННЫХСЧЕТОВ,ВТ_Срочники
42,104,ВТ_СОСТОЯНИЯПЕНСИОННЫХСЧЕТОВ,ВТ_ВыплатныеСчета
107,108,ВТ_РАСХОДВЫПЛАТ,ВТ_ОстаткиВыплат
106,108,ВТ_КОЛИЧЕСТВОВЫПЛАТ,ВТ_ОстаткиВыплат
7,109,ВТ_ПЕНСИОННЫЕСЧЕТА,ВТ_ПоследниеВыплаты
7,110,ВТ_ПЕНСИОННЫЕСЧЕТА,ВТ_ПоследниеВыплатыПоРегиструВыплат
108,112,ВТ_ОСТАТКИВЫПЛАТ,ВТ_РасчетныеСуммыПенсий
82,112,ВТ_СУММЫ,ВТ_РасчетныеСуммыПенсий
103,112,ВТ_СРОЧНИКИ,ВТ_РасчетныеСуммыПенсий
50,113,ВТ_СХЕМЫПЕНСИОННЫХСЧЕТОВ,ВТ_РазмерПенсий
104,113,ВТ_ВЫПЛАТНЫЕСЧЕТА,ВТ_РазмерПенсий
112,113,ВТ_РАСЧЕТНЫЕСУММЫПЕНСИЙ,ВТ_РазмерПенсий
52,113,ВТ_СХЕМЫ_СВОЙСТВА,ВТ_РазмерПенсий
111,113,ВТ_РАЗМЕРПЕНСИЙФИКС,ВТ_РазмерПенсий
41,115,ВТ_ПЕНСИОННЫЕСЧЕТА_СВОЙСТВА,ВТ_ДополнительноВыкупнаяВкдачикуНетСПТ
21,115,ВТ_НЕТРАНЗИТНЫЕВИДЫНАЧАЛОКОНЕЦ,ВТ_ДополнительноВыкупнаяВкдачикуНетСПТ
76,115,ВТ_РАСЧЕТНАЯДАТАВС,ВТ_ДополнительноВыкупнаяВкдачикуНетСПТ
82,115,ВТ_СУММЫ,ВТ_ДополнительноВыкупнаяВкдачикуНетСПТ
21,116,ВТ_НЕТРАНЗИТНЫЕВИДЫНАЧАЛОКОНЕЦ,ВТ_РезультатПредв
108,116,ВТ_ОСТАТКИВЫПЛАТ,ВТ_РезультатПредв
110,116,ВТ_ПОСЛЕДНИЕВЫПЛАТЫПОРЕГИСТРУВЫПЛАТ,ВТ_РезультатПредв
92,116,ВТ_ПЕРЕВОДЫ,ВТ_РезультатПредв
103,116,ВТ_СРОЧНИКИ,ВТ_РезультатПредв
67,116,ВТ_ФИЗИЧЕСКИЕЛИЦА_СВОЙСТВА,ВТ_РезультатПредв
76,116,ВТ_РАСЧЕТНАЯДАТАВС,ВТ_РезультатПредв
99,116,ВТ_МГД,ВТ_РезультатПредв
106,116,ВТ_КОЛИЧЕСТВОВЫПЛАТ,ВТ_РезультатПредв
80,116,ВТ_РАСЧЕТНЫЕСУММЫПП,ВТ_РезультатПредв
113,116,ВТ_РАЗМЕРПЕНСИЙ,ВТ_РезультатПредв
66,116,ВТ_ИДЕНТИФИКАТОРЫКОНТРАГЕНТОВ,ВТ_РезультатПредв
43,116,ВТ_ПЕНСИОННЫЕСЧЕТА_НЕИПС,ВТ_РезультатПредв
101,116,ВТ_ПЕНСИОННЫЕСЧЕТА_НАЧАЛОВЫПЛАТ,ВТ_РезультатПредв
109,116,ВТ_ПОСЛЕДНИЕВЫПЛАТЫ,ВТ_РезультатПредв
102,116,ВТ_ПЕРИОДИЧНОСТЬВЫПЛАТ,ВТ_РезультатПредв
97,116,ВТ_ВЫПЛАТЫ,ВТ_РезультатПредв
115,116,ВТ_ДОПОЛНИТЕЛЬНОВЫКУПНАЯВКДАЧИКУНЕТСПТ,ВТ_РезультатПредв
82,116,ВТ_СУММЫ,ВТ_РезультатПредв
50,116,ВТ_СХЕМЫПЕНСИОННЫХСЧЕТОВ,ВТ_РезультатПредв
39,116,ВТ_ПЕНСИОННЫЕСЧЕТА_СВОЙСТВА_ТРАНЗИТНЫЕОБЯЗАТЕЛЬСТВА,ВТ_РезультатПредв
105,116,ВТ_ДАТЫОКОНЧАНИЯСРОЧНЫХВЫПЛАТ,ВТ_РезультатПредв
55,116,ВТ_ФИЗИЧЕСКИЕЛИЦА,ВТ_РезультатПредв
49,116,ВТ_ПЕНСИОННЫЕДОГОВОРЫ_СВОЙСТВА,ВТ_РезультатПредв
79,116,ВТ_ОСТАТКИНАСЛЕДНИКОВ,ВТ_РезультатПредв
70,116,ВТ_ИДЕНТИФИКАТОРЫКОНТРАГЕНТОВ_СТАРЫЕ,ВТ_РезультатПредв
100,116,ВТ_УМЕРШИЕ,ВТ_РезультатПредв
34,116,ВТ_ТРАНЗИТНЫЕВИДЫНАЧАЛОКОНЕЦ_СУММЫ,ВТ_РезультатПредв
53,116,ВТ_СХЕМЫПЕНСИОННЫХСЧЕТОВ_ТРАНЗИТНЫЕОБЯЗАТЕЛЬСТВА,ВТ_РезультатПредв
42,116,ВТ_СОСТОЯНИЯПЕНСИОННЫХСЧЕТОВ,ВТ_РезультатПредв
41,116,ВТ_ПЕНСИОННЫЕСЧЕТА_СВОЙСТВА,ВТ_РезультатПредв
52,116,ВТ_СХЕМЫ_СВОЙСТВА,ВТ_РезультатПредв
116,117,ВТ_РЕЗУЛЬТАТПРЕДВ,ВТ_258НПО
