id,type,name,text
0,temp_query,ВТ_ИСПОЛЬЗОВАТЬДЛЯНПО,"ВЫБРАТЬ
	ВЫБОР
		КОГДА &ИСПОЛЬЗОВАТЬДЛЯНПО = 1                                
			ТОГДА ИСТИНА
		ИНАЧЕ ЛОЖЬ
	КОНЕЦ КАК Поле1
ПОМЕСТИТЬ ВТ_ИСПОЛЬЗОВАТЬДЛЯНПО"
1,temp_query,ВТ_ТипыРезервов,"ВЫБРАТЬ
	ЗНАЧЕНИЕ(Перечисление.уп_ТипыРезерва.ИПС) КАК ТипРезерва
ПОМЕСТИТЬ ВТ_ТипыРезервов

ОБЪЕДИНИТЬ ВСЕ

ВЫБРАТЬ
	ЗНАЧЕНИЕ(Перечисление.уп_ТипыРезерва.СПС)

ОБЪЕДИНИТЬ ВСЕ

ВЫБРАТЬ
	ЗНАЧЕНИЕ(Переч"
2,temp_query,ВТ_ВидыПаспортов,"ВЫБРАТЬ
	ВидыДокументовФизическихЛиц.Ссылка КАК ВидДокумента
ПОМЕСТИТЬ ВТ_ВидыПаспортов
ИЗ
	Справочник.ВидыДокументовФизическихЛиц КАК ВидыДокументовФизическихЛиц
ГДЕ
	ВидыДокументовФизическихЛиц.ИмяП"
3,temp_query,ВТ_ДокументыСторно,"ВЫБРАТЬ
	уп_ОперацияНПО.Ссылка КАК ДокументСторно
ПОМЕСТИТЬ ВТ_ДокументыСторно
ИЗ
	Документ.уп_ОперацияНПО КАК уп_ОперацияНПО
ГДЕ
	уп_ОперацияНПО.Дата МЕЖДУ &НачалоПериода И &КонецПериода
	И уп_Операц"
4,temp_query,ВТ_ПереводыИзРегистров_ВидыДвижений,"ВЫБРАТЬ
	ВидыДвижений.Ссылка КАК Ссылка
ПОМЕСТИТЬ ВТ_ПереводыИзРегистров_ВидыДвижений
ИЗ
	Перечисление.епс_ВидыДвиженияПенсионныхРезервов КАК ВидыДвижений
ГДЕ
//+ЮП 21.04.25
	ВидыДвижений.Ссылка В (ЗН"
5,temp_query,ВТ_ПереводыИзРегистров_ВидыДвижений_ВРезервы,"ВЫБРАТЬ
	ВидыДвижений.Ссылка КАК Ссылка
ПОМЕСТИТЬ ВТ_ПереводыИзРегистров_ВидыДвижений_ВРезервы
ИЗ
	Перечисление.епс_ВидыДвиженияПенсионныхРезервов КАК ВидыДвижений
ГДЕ
//+ЮП 22.04.25
	ВидыДвижений.Ссы"
6,temp_query,ВТ_ПенсионныеСчета_ПР,"ВЫБРАТЬ
	Подзапрос.ПенсионныйСчет КАК ПенсионныйСчет
ПОМЕСТИТЬ ВТ_ПенсионныеСчета_ПР
ИЗ
	(ВЫБРАТЬ
		уп_РезервыОстатки.НомерСчета КАК ПенсионныйСчет
	ИЗ
		РегистрНакопления.уп_Резервы.Остатки(
				&Нач"
7,temp_query,ВТ_ПенсионныеСчета,"ВЫБРАТЬ РАЗЛИЧНЫЕ
	ВТ_ПенсионныеСчета_ПР.ПенсионныйСчет КАК ПенсионныйСчет
ПОМЕСТИТЬ ВТ_ПенсионныеСчета
ИЗ
	ВТ_ПенсионныеСчета_ПР КАК ВТ_ПенсионныеСчета_ПР
ГДЕ
	НЕ ВТ_ПенсионныеСчета_ПР.ПенсионныйСчет"
8,temp_query,ВТ_ПричиныЗакрытия,"ВЫБРАТЬ
	уп_ПричиныЗакрытияПССрезПоследних.НомерСчета КАК ПенсионныйСчет,
	уп_ПричиныЗакрытияПССрезПоследних.ПричинаЗакрытия КАК ПричинаЗакрытия,
	ВЫБОР
		КОГДА уп_ПричиныЗакрытияПССрезПоследних.Регис"
9,temp_query,ВТ_ВидыПенсионныхСчетов,"ВЫБРАТЬ
	уп_ВидПенсионногоСчетаСрезПоследних.НомерСчета КАК ПенсионныйСчет,
	уп_ВидПенсионногоСчетаСрезПоследних.ВидПенсионногоСчета КАК ВидПенсионногоСчета
ПОМЕСТИТЬ ВТ_ВидыПенсионныхСчетов
ИЗ
	Регис"
10,temp_query,ВТ_ПенсионныеСчетаРПВ,"ВЫБРАТЬ РАЗЛИЧНЫЕ
	Резервы.НомерСчета КАК ПенсионныйСчет
ПОМЕСТИТЬ ВТ_ПенсионныеСчетаРПВ
ИЗ
	РегистрНакопления.уп_Резервы.Обороты(
			,
			&КонецПериода,
			,
			НомерСчета В
					(ВЫБРАТЬ
						ВТ_Пе"
11,temp_query,ВТ_ТипыПенсийНачалоПериода,"ВЫБРАТЬ
	уп_СхемаСчетаНаНачало.НомерСчета КАК НомерСчета,
	ВЫБОР
		КОГДА уп_СхемаСчетаНаНачало.ТипПенсии = ЗНАЧЕНИЕ(Перечисление.уп_ТипыПенсионныхСхем.ПустаяСсылка) 
			ТОГДА уп_СхемаСчетаНаНачало.Схе"
12,temp_query,ВТ_ВыплатныеНачалоПериода,"ВЫБРАТЬ
	уп_СостоянияПССрезПервых.Период КАК Период,
	уп_СостоянияПССрезПервых.Состояние КАК Состояние,
	уп_СостоянияПССрезПервых.НомерСчета КАК НомерСчета,
	ВТ_ТипыПенсийНачалоПериода.ТипПенсии КАК Т"
13,temp_query,ВТ_СостояниеНачалоПериода,"ВЫБРАТЬ
	ВЫБОР
		КОГДА ВТ_ПенсионныеСчета.ПенсионныйСчет.ТипПенсионногоСчета В (ЗНАЧЕНИЕ(Перечисление.уп_ТипыПенсионныхСчетов.ПенсионныйСчетДоговора),
		                                               "
14,temp_query,ВТ_ВидОбязательствНачало,"ВЫБРАТЬ
	ВТ_ПенсионныеСчета.ПенсионныйСчет КАК ПенсионныйСчет,
	ВЫБОР
		КОГДА ВТ_СостояниеНачалоПериода.Состояние В (ЗНАЧЕНИЕ(Перечисление.уп_СостоянияПС.Закрыт), ЗНАЧЕНИЕ(Перечисление.уп_СостоянияПС."
15,temp_query,ВТ_ИзмененияВидаОбязательств_Предв,"ВЫБРАТЬ
	ВТ_ПенсионныеСчета.ПенсионныйСчет КАК ПенсионныйСчет,
	ВЫБОР
		КОГДА ВТ_ПенсионныеСчета.ПенсионныйСчет.ТипПенсионногоСчета В (ЗНАЧЕНИЕ(Перечисление.уп_ТипыПенсионныхСчетов.ПенсионныйСчетДогов"
16,temp_query,ВТ_ИзмененияВидаОбязательств,"ВЫБРАТЬ
	ВТ_ИзмененияВидаОбязательств_Предв.ПенсионныйСчет КАК ПенсионныйСчет,
	МИНИМУМ(ВТ_ИзмененияВидаОбязательств_Предв.Период) КАК Период,
	ВТ_ИзмененияВидаОбязательств_Предв.ВидОбязательств КАК В"
17,temp_query,ВТ_ВидыОбязательств,"ВЫБРАТЬ
	ВТ_ВидОбязательствНачало.ПенсионныйСчет КАК ПенсионныйСчет,
	ВТ_ВидОбязательствНачало.ВидОбязательствВход КАК ВидОбязательств,
	ВТ_ВидОбязательствНачало.ДатаОпределенияОбязательств КАК ДатаОп"
18,temp_query,ВТ_ВидыОбязательствДвижение,"ВЫБРАТЬ
	ВТ_ВидыОбязательств.ПенсионныйСчет КАК ПенсионныйСчет,
	ВТ_ВидыОбязательств.ВидОбязательств КАК ВидОбязательств,
	МИНИМУМ(ВТ_ВидыОбязательств.ДатаОпределенияОбязательств) КАК ДатаОпределенияО"
19,temp_query,ВТ_СчетаТранзитныеВидыОбязательств,"ВЫБРАТЬ РАЗЛИЧНЫЕ
	ВТ_ВидыОбязательствДвижение.ПенсионныйСчет КАК ПенсионныйСчет
ПОМЕСТИТЬ ВТ_СчетаТранзитныеВидыОбязательств
ИЗ
	ВТ_ВидыОбязательствДвижение КАК ВТ_ВидыОбязательствДвижение
ГДЕ
	НЕ ВТ"
20,temp_query,ВТ_СчетаНеТранзитныеВидыОбязательств,"ВЫБРАТЬ РАЗЛИЧНЫЕ
	ВТ_ВидыОбязательствДвижение.ПенсионныйСчет КАК ПенсионныйСчет
ПОМЕСТИТЬ ВТ_СчетаНеТранзитныеВидыОбязательств
ИЗ
	ВТ_ВидыОбязательствДвижение КАК ВТ_ВидыОбязательствДвижение
	ЛЕВОЕ С"
21,temp_query,ВТ_НеТранзитныеВидыНачалоКонец,"ВЫБРАТЬ
	ВТ_ВидыОбязательствДвижение.ПенсионныйСчет КАК ПенсионныйСчет,
	ВТ_ВидыОбязательствДвижение.ВидОбязательств КАК ВидОбязательств,
	ВТ_ВидыОбязательствДвижение.ДатаОпределенияОбязательств КАК Д"
22,temp_query,ВТ_ТранзитныеВидыНачалоКонец,"ВЫБРАТЬ
	ВТ_ВидыОбязательствДвижение.ПенсионныйСчет КАК ПенсионныйСчет,
	ВТ_ВидыОбязательствДвижение.ВидОбязательств КАК ВидОбязательств,
	ВТ_ВидыОбязательствДвижение.ДатаОпределенияОбязательств КАК Д"
23,temp_query,ВТ_СторнированныеСуммыТранзитныеВиды,"ВЫБРАТЬ
	ВТ_ТранзитныеВидыНачалоКонец.ПенсионныйСчет КАК ПенсионныйСчет,
	ВТ_ТранзитныеВидыНачалоКонец.ВидОбязательств КАК ВидОбязательств,
	ВТ_ТранзитныеВидыНачалоКонец.ДатаОпределенияОбязательств КА"
24,temp_query,ВТ_ОстаткиТранзитныеВиды,"ВЫБРАТЬ
	ПодЗапрос.ПенсионныйСчет КАК ПенсионныйСчет,
	ПодЗапрос.ВидОбязательств КАК ВидОбязательств,
	ПодЗапрос.ДатаОпределенияОбязательств КАК ДатаОпределенияОбязательств,
	ПодЗапрос.ДатаОкончанияОб"
25,temp_query,ВТ_Суммы_ПР_ТранзитныеВиды,"ВЫБРАТЬ
	ПодЗапрос.ПенсионныйСчет КАК ПенсионныйСчет,
	ПодЗапрос.ВидОбязательств КАК ВидОбязательств,
	ПодЗапрос.ДатаОпределенияОбязательств КАК ДатаОпределенияОбязательств,
	ПодЗапрос.ДатаОкончанияОб"
26,unknown,Query_27,
27,temp_query,ВТ_ВыплатыПРТранзитныеВиды,"ВЫБРАТЬ
	ВТ_ТранзитныеВидыНачалоКонец.ПенсионныйСчет КАК ПенсионныйСчет,
	ВТ_ТранзитныеВидыНачалоКонец.ВидОбязательств КАК ВидОбязательств,
	ВТ_ТранзитныеВидыНачалоКонец.ДатаОпределенияОбязательств КА"
28,temp_query,ВТ_ВыплатыТранзитныеВиды,"ВЫБРАТЬ
	ВТ_ВыплатыПРТранзитныеВиды.ПенсионныйСчет КАК ПенсионныйСчет,
	ВТ_ВыплатыПРТранзитныеВиды.ВидОбязательств КАК ВидОбязательств,
	ВТ_ВыплатыПРТранзитныеВиды.ДатаОпределенияОбязательств КАК Дата"
29,temp_query,ВТ_ПеремещенияВСтраховойРезервТранзитныеВиды,"ВЫБРАТЬ
	уп_Резервы.Регистратор КАК Регистратор,
	ВТ_ТранзитныеВидыНачалоКонец.ПенсионныйСчет КАК ПенсионныйСчет,
	ВТ_ТранзитныеВидыНачалоКонец.ВидОбязательств КАК ВидОбязательств,
	ВТ_ТранзитныеВидыН"
30,temp_query,ВТ_ПереводыИзРегистров_РезервыТранзитныеВиды,"ВЫБРАТЬ
	Резервы.Регистратор КАК Регистратор,
	ВТ_ТранзитныеВидыНачалоКонец.ПенсионныйСчет КАК ПенсионныйСчет,
	ВТ_ТранзитныеВидыНачалоКонец.ВидОбязательств КАК ВидОбязательств,
	ВТ_ТранзитныеВидыНача"
31,temp_query,ВТ_ПереводыИзРегистров_РегистрыТранзитныеВиды,"ВЫБРАТЬ
	1 КАК Раздел,
	ВТ_ПереводыИзРегистров.ПенсионныйСчет КАК ПенсионныйСчет,
	ВТ_ПереводыИзРегистров.ВидОбязательств КАК ВидОбязательств,
	ВТ_ПереводыИзРегистров.ДатаОпределенияОбязательств КАК Д"
32,temp_query,ВТ_ПереводыТранзитныеВиды,"ВЫБРАТЬ
	ВТ_ПереводыИзРегистров_РегистрыТранзитныеВиды.ПенсионныйСчет КАК ПенсионныйСчет,
	ВТ_ПереводыИзРегистров_РегистрыТранзитныеВиды.ВидОбязательств КАК ВидОбязательств,
	ВТ_ПереводыИзРегистров_Ре"
33,temp_query,ВТ_ОстаткиТранзитныеВиды_Предв,"ВЫБРАТЬ
	ВТ_ТранзитныеВидыНачалоКонец.ПенсионныйСчет КАК ПенсионныйСчет,
	ВТ_ТранзитныеВидыНачалоКонец.ВидОбязательств КАК ВидОбязательств,
	ВТ_ТранзитныеВидыНачалоКонец.ДатаОпределенияОбязательств КА"
34,temp_query,ВТ_ТранзитныеВидыНачалоКонец_Суммы,"ВЫБРАТЬ
	ВТ_ОстаткиТранзитныеВиды_Предв.ПенсионныйСчет КАК ПенсионныйСчет,
	ВТ_ОстаткиТранзитныеВиды_Предв.ВидОбязательств КАК ВидОбязательств,
	ВТ_ОстаткиТранзитныеВиды_Предв.ДатаОпределенияОбязатель"
35,temp_query,ВТ_ТранзитныеВиды_ГруппыСчетов,"ВЫБРАТЬ
	Подзапрос.ПенсионныйСчет 										КАК ПенсионныйСчет,
	Подзапрос.ДатаОпределенияОбязательств 							КАК ДатаОпределенияОбязательств,
	Подзапрос.ДатаОкончанияОбязательств 							КАК ДатаОконч"
36,temp_query,ВТ_ТранзитныеВиды_ТипыДоговоровЕПС,"ВЫБРАТЬ
	Подзапрос.ПенсионныйСчет КАК ПенсионныйСчет,
	Подзапрос.ДатаОпределенияОбязательств КАК ДатаОпределенияОбязательств,
	Подзапрос.ДатаОкончанияОбязательств КАК ДатаОкончанияОбязательств,
	уп_Ти"
37,temp_query,ВТ_ТранзитныеВиды_ДатыФиксации,"ВЫБРАТЬ
	Подзапрос.ПенсионныйСчет КАК ПенсионныйСчет,
	Подзапрос.ДатаОпределенияОбязательств КАК ДатаОпределенияОбязательств,
	Подзапрос.ДатаОкончанияОбязательств КАК ДатаОкончанияОбязательств,
	уп_Да"
38,temp_query,ВТ_ТранзитныеВиды_ПериодыГарантВосполнения,"ВЫБРАТЬ
	Подзапрос.ПенсионныйСчет КАК ПенсионныйСчет,
	Подзапрос.ДатаОпределенияОбязательств КАК ДатаОпределенияОбязательств,
	Подзапрос.ДатаОкончанияОбязательств КАК ДатаОкончанияОбязательств,
	уп_Пе"
39,temp_query,ВТ_ПенсионныеСчета_Свойства_ТранзитныеОбязательства,"ВЫБРАТЬ
	ВТ_ПенсионныеСчета.ПенсионныйСчет КАК ПенсионныйСчет,
	ВТ_ТранзитныеВидыНачалоКонец.ДатаОпределенияОбязательств КАК ДатаОпределенияОбязательств,
	ВТ_ТранзитныеВидыНачалоКонец.ДатаОкончанияОбя"
40,temp_query,ВТ_ПенсионныеСчетаСПТ,"ВЫБРАТЬ
	ВТ_ПенсионныеСчета.ПенсионныйСчет КАК ПенсионныйСчет,
//++ 07.10.2025
//	ВЫБОР уп_ШаблоныДоговоров.ИспользоватьСПТ
//		КОГДА ЛОЖЬ
//			ТОГДА ИСТИНА 
	ВЫБОР 
		КОГДА ВТ_ПенсионныеСчета.Пенсион"
41,temp_query,ВТ_ПенсионныеСчета_Свойства,"ВЫБРАТЬ
	ВТ_ПенсионныеСчета.ПенсионныйСчет КАК ПенсионныйСчет,
	уп_ПенсионныеСчета.Владелец КАК ПенсионныйДоговор,
	уп_ПенсионныеСчета.Участник КАК Участник,
	ЕСТЬNULL(ВТ_ПричиныЗакрытия.ПричинаЗакрыт"
42,temp_query,ВТ_СостоянияПенсионныхСчетов,"ВЫБРАТЬ
	уп_СостоянияПССрезПоследних.НомерСчета КАК ПенсионныйСчет,
	уп_СостоянияПССрезПоследних.Состояние КАК Состояние,
	уп_СостоянияПССрезПоследних.Период КАК Период,
	уп_СостоянияПССрезПоследних.Р"
43,temp_query,ВТ_ПенсионныеСчета_НеИПС,"ВЫБРАТЬ
	ВТ_ПенсионныеСчета_Свойства.ПенсионныйСчет КАК ПенсионныйСчет,
	ВТ_ПенсионныеСчета_Свойства.ТипПенсионногоСчета КАК ТипПенсионногоСчета
ПОМЕСТИТЬ ВТ_ПенсионныеСчета_НеИПС
ИЗ
	ВТ_ПенсионныеСче"
44,temp_query,ВТ_СчетаДоговоров_СчетаУчастников,"ВЫБРАТЬ
	ВТ_ПенсионныеСчета_Свойства.ПенсионныйСчетДоговора КАК ПенсионныйСчетДоговора,
	ВТ_ПенсионныеСчета_Свойства.ПенсионныйСчет КАК ПенсионныйСчет
ПОМЕСТИТЬ ВТ_СчетаДоговоров_СчетаУчастников
ИЗ
	В"
45,temp_query,ВТ_ПенсионныеСчета_Орг_ПС_ТР,"ВЫБРАТЬ
	ВТ_ПенсионныеСчета_Свойства.Организация КАК Организация,
	ВТ_ПенсионныеСчета_Свойства.ПенсионныйСчет КАК ПенсионныйСчет,
	ВТ_ТипыРезервов.ТипРезерва КАК ТипРезерва
ПОМЕСТИТЬ ВТ_ПенсионныеСчет"
46,temp_query,ВТ_ПенсионныеСчета_Орг_Уч_ПС,"ВЫБРАТЬ
	ВТ_ПенсионныеСчета_Свойства.Организация КАК Организация,
	ВТ_ПенсионныеСчета_Свойства.Участник КАК Участник,
	ВТ_ПенсионныеСчета_Свойства.ПенсионныйСчет КАК ПенсионныйСчет
ПОМЕСТИТЬ ВТ_Пенсио"
47,temp_query,ВТ_ПенсионныеДоговоры,"ВЫБРАТЬ РАЗЛИЧНЫЕ
	ВТ_ПенсионныеСчета_Свойства.ПенсионныйДоговор КАК ПенсионныйДоговор
ПОМЕСТИТЬ ВТ_ПенсионныеДоговоры
ИЗ
	ВТ_ПенсионныеСчета_Свойства КАК ВТ_ПенсионныеСчета_Свойства"
48,temp_query,ВТ_ПараметрыПенсионныхДоговоров,"ВЫБРАТЬ
	уп_ПараметрыПенсионногоДоговораСрезПоследних.ПенсионныйДоговор КАК ПенсионныйДоговор,
	уп_ПараметрыПенсионногоДоговораСрезПоследних.Схема КАК Схема,
	уп_ПараметрыПенсионногоДоговораСрезПослед"
49,temp_query,ВТ_ПенсионныеДоговоры_Свойства,"ВЫБРАТЬ
	ВТ_ПенсионныеДоговоры.ПенсионныйДоговор КАК ПенсионныйДоговор,
	уп_ПенсионныеДоговоры.Наименование КАК НомерДоговора,
	уп_ПенсионныеДоговоры.ДатаЗаключения КАК ДатаЗаключения, 
	
///26.02.202"
50,temp_query,ВТ_СхемыПенсионныхСчетов,"ВЫБРАТЬ
	уп_СхемаСчета.НомерСчета КАК НомерСчета,
	уп_СхемаСчета.Схема КАК Схема,
	уп_СхемаСчета.ВерсияПенсионныхПравил КАК ВерсияПенсионныхПравил,
	ВЫБОР 
		КОГДА уп_СхемаСчета.ТипПенсии = ЗНАЧЕНИЕ(П"
51,temp_query,ВТ_ПенсионныеСхемы,"ВЫБРАТЬ РАЗЛИЧНЫЕ
	ВТ_СхемыПенсионныхСчетов.Схема КАК Схема
ПОМЕСТИТЬ ВТ_ПенсионныеСхемы
ИЗ
	ВТ_СхемыПенсионныхСчетов КАК ВТ_СхемыПенсионныхСчетов

ИНДЕКСИРОВАТЬ ПО
	ВТ_СхемыПенсионныхСчетов.Схема"
52,temp_query,ВТ_Схемы_Свойства,"ВЫБРАТЬ РАЗЛИЧНЫЕ
	ВТ_ПенсионныеСхемы.Схема КАК Схема,
	уп_ПенсионныеСхемы.Наименование КАК Наименование,
	уп_ПенсионныеСхемы.НаследованиеВНакопительныйПериод КАК НаследованиеВНакопительныйПериод,
	уп"
53,temp_query,ВТ_СхемыПенсионныхСчетов_ТранзитныеОбязательства,"ВЫБРАТЬ
	Подзапрос.ПенсионныйСчет КАК ПенсионныйСчет,
	Подзапрос.ДатаОпределенияОбязательств КАК ДатаОпределенияОбязательств,
	Подзапрос.ДатаОкончанияОбязательств КАК ДатаОкончанияОбязательств,
	уп_Сх"
54,temp_query,ВТ_Вкладчики,"ВЫБРАТЬ РАЗЛИЧНЫЕ
	ВТ_ПенсионныеДоговоры_Свойства.ТипВкладчика КАК ТипВкладчика,
	ВТ_ПенсионныеДоговоры_Свойства.Вкладчик КАК Вкладчик
ПОМЕСТИТЬ ВТ_Вкладчики
ИЗ
	ВТ_ПенсионныеДоговоры_Свойства КАК ВТ_"
55,temp_query,ВТ_ФизическиеЛица,"ВЫБРАТЬ РАЗЛИЧНЫЕ
	ВТ_ПенсионныеСчета_Свойства.Участник КАК Контрагент,
	ВТ_ПенсионныеСчета_Свойства.Участник.уп_ФизЛицо КАК ФизическоеЛицо
ПОМЕСТИТЬ ВТ_ФизическиеЛица
ИЗ
	ВТ_ПенсионныеСчета_Свойства "
56,temp_query,ВТ_ВкладчикиУчастники,"ВЫБРАТЬ
	ВТ_Вкладчики.Вкладчик КАК Контрагент
ПОМЕСТИТЬ ВТ_ВкладчикиУчастники
ИЗ
	ВТ_Вкладчики КАК ВТ_Вкладчики

ОБЪЕДИНИТЬ

ВЫБРАТЬ
	ВТ_ПенсионныеСчета_Свойства.Участник
ИЗ
	ВТ_ПенсионныеСчета_Свойст"
57,temp_query,ВТ_ДанныеКонтрагентов,"ВЫБРАТЬ
	ВЫБОР
		КОГДА Контрагенты.РегистрационныйНомер = """"
				ИЛИ Контрагенты.РегистрационныйНомер ЕСТЬ NULL
			ТОГДА ""00000""
		ИНАЧЕ Контрагенты.РегистрационныйНомер
	КОНЕЦ КАК РегистрационныйНоме"
58,temp_query,ВТ_ФИО_ФЛ,"ВЫБРАТЬ
	ДанныеФИО.ФизическоеЛицо КАК ФизЛицо,
	ДанныеФИО.Фамилия КАК ФамилияФЛ,
	ДанныеФИО.Имя КАК ИмяФЛ,
	ДанныеФИО.Отчество КАК ОтчествоФЛ
ПОМЕСТИТЬ ВТ_ФИО_ФЛ
ИЗ
	РегистрСведений.ФИОФизическихЛиц.С"
59,temp_query,ВТ_ФИО_ИП,"ВЫБРАТЬ
	СведенияИП.Объект КАК Контрагент,
	МАКСИМУМ(ВЫБОР
			КОГДА СведенияИП.Свойство.Наименование = ""Инд.предприниматель Фамилия""
				ТОГДА СведенияИП.Значение
		КОНЕЦ) КАК ФамилияИП,
	МАКСИМУМ(ВЫБ"
60,temp_query,ВТ_ПаспортныеДанные_ПоследняяЗапись,"ВЫБРАТЬ
	ДокументыФизическихЛиц.Физлицо КАК Физлицо,
	МАКСИМУМ(ДокументыФизическихЛиц.Период) КАК Период
ПОМЕСТИТЬ ВТ_ПаспортныеДанные_ПоследняяЗапись
ИЗ
	РегистрСведений.ДокументыФизическихЛиц КАК До"
61,temp_query,ВТ_ПаспортныеДанные_1,"ВЫБРАТЬ
	ДокументыФизическихЛиц.Физлицо КАК Физлицо,
	МАКСИМУМ(ДокументыФизическихЛиц.Серия) КАК Серия,
	МАКСИМУМ(ДокументыФизическихЛиц.Номер) КАК Номер
ПОМЕСТИТЬ ВТ_ПаспортныеДанные_1
ИЗ
	РегистрСве"
62,temp_query,ВТ_ПаспортныеДанные_Cleared,"ВЫБРАТЬ
	ДокументыФизическихЛиц.Физлицо КАК Физлицо,
	ВЫБОР
		КОГДА ДокументыФизическихЛиц.Серия В ("""", NULL)
			ТОГДА """"
		ИНАЧЕ ВЫБОР
				КОГДА ПОДСТРОКА(ДокументыФизическихЛиц.Серия, 1, 1) = "" ""
		"
63,temp_query,ВТ_ПаспортныеДанные,"ВЫБРАТЬ
	ВТ_ПаспортныеДанные_Cleared.Физлицо КАК Физлицо,
	ВЫБОР
		КОГДА ВТ_ПаспортныеДанные_Cleared.Серия = """"
			ТОГДА """" ///""0000""
		ИНАЧЕ ВТ_ПаспортныеДанные_Cleared.Серия
	КОНЕЦ + ВЫБОР
		КОГДА В"
64,temp_query,ВТ_Данные_к,"ВЫБРАТЬ
	ВТ_данные.РегистрационныйНомер КАК РегистрационныйНомер,
	ВТ_данные.ТипКонтр КАК ТипКонтр,
	ВЫБОР
		КОГДА ВТ_данные.ТипКонтр = ""ФЛ0""
				ИЛИ ВТ_данные.ТипКонтр = ""ФЛ1""
			ТОГДА ИСТИНА
		ИНАЧЕ"
65,temp_query,ВТ_Идентификаторы264,"ВЫБРАТЬ
	ВТ_Данные.Контрагент КАК Контрагент,
	ВТ_Данные.ЭтоФизЛицо КАК ЭтоФизЛицо,
	ВТ_Данные.Резидент КАК Резидент,
	ВТ_Данные.ЭтоИП КАК ЭтоИП,
	ВТ_Данные.НаименованиеКонтрагента КАК НаименованиеКон"
66,temp_query,ВТ_ИдентификаторыКонтрагентов,"ВЫБРАТЬ
	ДанныеКонтрагентов.Контрагент КАК Контрагент,
	ДанныеКонтрагентов.Идентификатор КАК Идентификатор,
	ДанныеКонтрагентов.ИНН КАК НалоговыйНомер,
	ДанныеКонтрагентов.РегистрационныйНомер КАК Рег"
67,temp_query,ВТ_ФизическиеЛица_Свойства,"ВЫБРАТЬ
	ВТ_ФизическиеЛица.ФизическоеЛицо КАК ФизическоеЛицо,
	ФизическиеЛица.Наименование КАК Наименование,
	ФизическиеЛица.ФИО КАК ФИО,
	ФизическиеЛица.уп_ФИОВРеестреПФР КАК ФИО_ВРеестреПФР,
	ВЫБОР "
68,temp_query,ВТ_ФизическиеЛица_ДляПаспортов,"ВЫБРАТЬ
	ВТ_ФизическиеЛица_Свойства.ФизическоеЛицо КАК ФизическоеЛицо
ПОМЕСТИТЬ ВТ_ФизическиеЛица_ДляПаспортов
ИЗ
	ВТ_ФизическиеЛица_Свойства КАК ВТ_ФизическиеЛица_Свойства
ГДЕ
	ВТ_ФизическиеЛица_Свой"
69,temp_query,ВТ_ГражданствоФизическихЛиц,"ВЫБРАТЬ
	ГражданствоФизическихЛиц.ФизическоеЛицо КАК ФизическоеЛицо,
	ГражданствоФизическихЛиц.Страна КАК Страна,
	ГражданствоФизическихЛиц.ИНН КАК ИНН
ПОМЕСТИТЬ ВТ_ГражданствоФизическихЛиц
ИЗ
	Регист"
70,temp_query,ВТ_ИдентификаторыКонтрагентов_Старые,"ВЫБРАТЬ
	ВТ_Вкладчики.Вкладчик КАК Контрагент,
	ВТ_Вкладчики.Вкладчик.ИНН КАК Идентификатор,
	"""" КАК ИдентификаторФЛ_СНИЛС,
	"""" КАК ИдентификаторФЛ_ИНН,
	ВТ_Вкладчики.Вкладчик.НаименованиеПолное КАК Н"
71,temp_query,ВТ_Корректировки,"ВЫБРАТЬ
	ИсточникДанных.ТипРезерва КАК ТипРезерва,
	ИсточникДанных.НомерСчета КАК ПенсионныйСчет,
	ИсточникДанных.ТипСуммы КАК ТипСуммы,
	СУММА(ВЫБОР ИсточникДанных.ВидДвижения
			КОГДА ЗНАЧЕНИЕ(ВидДв"
72,temp_query,ВТ_Суммы_ПР,"ВЫБРАТЬ
	уп_РезервыОстатки.ТипРезерва КАК ТипРезерва,
	уп_РезервыОстатки.ТипСуммы КАК ТипСуммы,
	уп_РезервыОстатки.НомерСчета КАК ПенсионныйСчет,
	уп_РезервыОстатки.СуммаОстаток КАК ОстатокВх,
	0 КАК "
73,temp_query,ВТ_Суммы_ПР_дляВС,"ВЫБРАТЬ
	ВТ_Суммы_ПР.ПенсионныйСчет КАК ПенсионныйСчет,
	ВТ_СхемыПенсионныхСчетов.ШаблонДоговора КАК ШаблонДоговора,
	ВТ_СхемыПенсионныхСчетов.Схема КАК Схема,
	ВТ_Суммы_ПР.ТипРезерва КАК ТипРезерва,
"
74,temp_query,ВТ_СуммыКоэффициентыВС_предв,"ВЫБРАТЬ
	ВТ_Суммы_ПР_дляВС.ПенсионныйСчет КАК ПенсионныйСчет,
	ВТ_Суммы_ПР_дляВС.ШаблонДоговора КАК ШаблонДоговора,
	ВТ_Суммы_ПР_дляВС.Схема КАК Схема,
	ВТ_Суммы_ПР_дляВС.ТипРезерва КАК ТипРезерва,
	В"
75,temp_query,ВТ_СуммыКоэффициентыВС,"ВЫБРАТЬ
	ВТ_СуммыКоэффициентыВС_предв.ПенсионныйСчет КАК ПенсионныйСчет,
	ВТ_СуммыКоэффициентыВС_предв.ШаблонДоговора КАК ШаблонДоговора,
	ВТ_СуммыКоэффициентыВС_предв.Схема КАК Схема,
	ВТ_СуммыКоэффи"
76,temp_query,ВТ_РасчетнаяДатаВС,"ВЫБРАТЬ
	ВТ_СуммыКоэффициентыВС.ПенсионныйСчет КАК ПенсионныйСчет,
	ВТ_СуммыКоэффициентыВС.ШаблонДоговора КАК ШаблонДоговора,
	ВТ_СуммыКоэффициентыВС.Схема КАК Схема,
	СУММА(ВТ_СуммыКоэффициентыВС.Ост"
77,temp_query,ВТ_Сумма_ПР_дляПП,"ВЫБРАТЬ
	ВТ_Суммы_ПР_дляВС.ПенсионныйСчет КАК ПенсионныйСчет,
	ВТ_Суммы_ПР_дляВС.ШаблонДоговора КАК ШаблонДоговора,
	ВТ_Суммы_ПР_дляВС.Схема КАК Схема,
	ВТ_Суммы_ПР_дляВС.ТипРезерва КАК ТипРезерва,
	В"
78,temp_query,ВТ_РасчетныеСуммыПП_пред,"ВЫБРАТЬ
	ВТ_Сумма_ПР_дляПП.ПенсионныйСчет КАК ПенсионныйСчет,
	СУММА(ВТ_Сумма_ПР_дляПП.ОстатокИсх) КАК ОстатокИсх,
	СУММА(ВТ_Сумма_ПР_дляПП.ОстатокИсх * ВТ_Сумма_ПР_дляПП.КоэффициентПП) КАК СуммаПП
ПО"
79,temp_query,ВТ_ОстаткиНаследников,"ВЫБРАТЬ
	ОстаткиРезервНаследников.НомерСчета КАК ПенсионныйСчет,
	СУММА(ВЫБОР
			КОГДА ОстаткиРезервНаследников.ТипРезерва В (ЗНАЧЕНИЕ(Перечисление.уп_ТипыРезерва.РезервНачисленийНаследниковИПС), ЗНАЧ"
80,temp_query,ВТ_РасчетныеСуммыПП,"ВЫБРАТЬ
	ВТ_РасчетныеСуммыПП_пред.ПенсионныйСчет КАК ПенсионныйСчет,
	ВТ_РасчетныеСуммыПП_пред.ОстатокИсх КАК ОстатокИсх,
	ВТ_РасчетныеСуммыПП_пред.СуммаПП КАК СуммаПП,
	ВТ_ОстаткиНаследников.СуммаОст"
81,temp_query,ВТ_Суммы_ПР_С_Обязательствами,"ВЫБРАТЬ
	ВТ_Суммы_ПР.ПенсионныйСчет КАК ПенсионныйСчет,
	ВТ_Суммы_ПР.ОстатокВх КАК ОстатокВх,
	ВТ_Суммы_ПР.ОстатокИсх КАК ОстатокИсх,
	ВТ_Суммы_ПР.Взносы КАК Взносы,
	ВТ_Суммы_ПР.ИнвестиционныйДоход К"
82,temp_query,ВТ_Суммы,"ВЫБРАТЬ
	ВТ_Суммы_ПР.ПенсионныйСчет КАК ПенсионныйСчет,
	СУММА(ВТ_Суммы_ПР.ОстатокВх) КАК ОстатокВх,
	СУММА(ВТ_Суммы_ПР.ОстатокИсх) КАК ОстатокИсх,
	СУММА(ВТ_Суммы_ПР.Взносы) КАК Взносы,
	СУММА(ВТ_Сум"
83,temp_query,ВТ_НачисленияПенсийПоСчетам,"ВЫБРАТЬ
	Регистры.Период КАК Период,
	Регистры.НомерСчета КАК НомерСчета,
	Регистры.Регистратор КАК Регистратор,
	СУММА(Регистры.Сумма) КАК Сумма
ПОМЕСТИТЬ ВТ_НачисленияПенсийПоСчетам
ИЗ
	(ВЫБРАТЬ
		у"
84,temp_query,ВТ_РегистраторыНачисленийСолидарныхСчетов,"ВЫБРАТЬ РАЗЛИЧНЫЕ
	ВТ_НачисленияПенсийПоСчетам.Период КАК Период,
	ВТ_НачисленияПенсийПоСчетам.Регистратор КАК Регистратор,
	ВТ_ПенсионныеСчета_Свойства.ПенсионныйСчетДоговора КАК ПенсионныйСчетДогово"
85,temp_query,ВТ_НачисленияСолидарныхСчетовКРаспределению,"ВЫБРАТЬ
	уп_Резервы.Регистратор КАК Регистратор,
	уп_Резервы.НомерСчета КАК НомерСчета,
	СУММА(уп_Резервы.Сумма) КАК Сумма
ПОМЕСТИТЬ ВТ_НачисленияСолидарныхСчетовКРаспределению
ИЗ
	РегистрНакопления.у"
86,temp_query,ВТ_ДвиженияПоРегистраторам,"ВЫБРАТЬ
	уп_Резервы.НомерСчета КАК НомерСчета,
	уп_Резервы.Регистратор КАК Регистратор,
	ВЫБОР
		КОГДА уп_Резервы.Регистратор ССЫЛКА Документ.ОперацияБух
			ТОГДА ""ОперацияБух""
		КОГДА уп_Резервы.Реги"
87,temp_query,ВТ_ДвиженияПоДокументам,"ВЫБРАТЬ
	ВТ_ДвиженияПоРегистраторам.НомерСчета КАК НомерСчета,
	ВТ_ДвиженияПоРегистраторам.ТипДокумента КАК ТипДокумента,
	ВТ_ДвиженияПоРегистраторам.Регистратор КАК Регистратор,
	СУММА(ВТ_ДвиженияПоР"
88,temp_query,ВТ_ПеремещенияВСтраховойРезерв,"ВЫБРАТЬ
	уп_Резервы.Регистратор КАК Регистратор,
	ВТ_ПенсионныеСчета.ПенсионныйСчет КАК ПенсионныйСчет,
	уп_Резервы.Сумма КАК Сумма
ПОМЕСТИТЬ ВТ_ПеремещенияВСтраховойРезерв
ИЗ
	ВТ_ПенсионныеСчета КАК "
89,temp_query,ВТ_ВозвратыПенсий,"ВЫБРАТЬ
	ВТ_ПенсионныеСчета.ПенсионныйСчет КАК ПенсионныйСчет,
	уп_Резервы.Сумма КАК Сумма
ПОМЕСТИТЬ ВТ_ВозвратыПенсий
ИЗ
	ВТ_ПенсионныеСчета КАК ВТ_ПенсионныеСчета
		ВНУТРЕННЕЕ СОЕДИНЕНИЕ РегистрНако"
90,temp_query,ВТ_ПереводыИзРегистров_Резервы,"ВЫБРАТЬ
	Резервы.Регистратор КАК Регистратор,
	Резервы.НомерСчета КАК ПенсионныйСчет,
	Резервы.ВидДвиженияЕПС КАК ВидДвиженияЕПС,
	ЕСТЬNULL(СУММА(ВЫБОР
				КОГДА Резервы.ВидДвижения = ЗНАЧЕНИЕ(ВидДвиж"
91,temp_query,ВТ_ПереводыИзРегистров_Регистры,"ВЫБРАТЬ
	1 КАК Раздел,
	ВТ_ПереводыИзРегистров_Резервы.ПенсионныйСчет КАК ПенсионныйСчет,
	ВТ_ПереводыИзРегистров_Резервы.Регистратор КАК Регистратор,
	ВТ_ПереводыИзРегистров_Резервы.Сумма КАК Сумма,
"
92,temp_query,ВТ_Переводы,"ВЫБРАТЬ
	ВТ_ПереводыИзРегистров_Регистры.ПенсионныйСчет КАК ПенсионныйСчет,
	СУММА(ВТ_ПереводыИзРегистров_Регистры.Сумма) КАК Перевод, 
	СУММА(ВТ_ПереводыИзРегистров_Регистры.СуммаВРезервы) КАК Перево"
93,temp_query,ВТ_ПереводыПР,"ВЫБРАТЬ
	1 КАК Оператор,
	ВТ_ДвиженияПоДокументам.Регистратор КАК Регистратор,
	ВТ_ДвиженияПоДокументам.НомерСчета КАК НомерСчета,
	ВТ_ДвиженияПоДокументам.СуммаОборот КАК Перевод
ПОМЕСТИТЬ ВТ_Перевод"
94,temp_query,ВТ_Переводы_Устарело,"ВЫБРАТЬ
	ВТ_ПереводыПР.НомерСчета КАК НомерСчета,
	СУММА(ВТ_ПереводыПР.Перевод) КАК Перевод
ПОМЕСТИТЬ ВТ_Переводы_Устарело
ИЗ
	ВТ_ПереводыПР КАК ВТ_ПереводыПР

СГРУППИРОВАТЬ ПО
	ВТ_ПереводыПР.НомерСче"
95,temp_query,ВТ_СторнированныеСуммы,"ВЫБРАТЬ
	уп_НачисленияПенсий.НомерСчета КАК НомерСчета,
	уп_НачисленияПенсий.Сумма КАК Пенсия,
	0 КАК ВыкупнаяСумма,
	0 КАК ВыплатаПравопреемникам
ПОМЕСТИТЬ ВТ_СторнированныеСуммы
ИЗ
	РегистрНакоплени"
96,temp_query,ВТ_ВыплатыПР,"ВЫБРАТЬ
	уп_ВыплатыОбороты.НомерСчета КАК ПенсионныйСчет,
	уп_ВыплатыОбороты.СуммаРасход КАК Пенсия,
	0 КАК ВыкупнаяСумма,
	0 КАК ВыплатаПравопреемникам,
	0 КАК ОбязательстваПередНаследниками
ПОМЕСТИТ"
97,temp_query,ВТ_Выплаты,"ВЫБРАТЬ
	ВТ_ВыплатыПР.ПенсионныйСчет КАК ПенсионныйСчет,
	СУММА(ВТ_ВыплатыПР.Пенсия) КАК Пенсия,
	СУММА(ВТ_ВыплатыПР.ВыкупнаяСумма) КАК ВыкупнаяСумма,
	СУММА(ВТ_ВыплатыПР.ВыплатаПравопреемникам) КАК В"
98,temp_query,ВТ_МГД_ПР,"ВЫБРАТЬ
	уп_МинимальнаяГарантированнаяДоходность.ПенсионныйДоговор КАК ПенсионныйДоговор,
	уп_МинимальнаяГарантированнаяДоходность.МинимальнаяГарантированнаяДоходность КАК МинимальнаяГарантированнаяДо"
99,temp_query,ВТ_МГД,"ВЫБРАТЬ
	ВТ_ПенсионныеДоговоры.ПенсионныйДоговор КАК ПенсионныйДоговор,
	ЕСТЬNULL(ВТ_МГД_ПР.МинимальнаяГарантированнаяДоходность, 0) КАК МинимальнаяГарантированнаяДоходность,
	ВЫБОР ЕСТЬNULL(ВТ_МГД_ПР"
100,temp_query,ВТ_Умершие,"ВЫБРАТЬ РАЗЛИЧНЫЕ
	ВТ_ПенсионныеСчета_Свойства.Участник КАК Участник,
	ВТ_ПенсионныеСчета_Свойства.Участник.уп_ФизЛицо.уп_ДатаСмерти КАК ДатаСмерти
ПОМЕСТИТЬ ВТ_Умершие
ИЗ                       
	ВТ_П"
101,temp_query,ВТ_ПенсионныеСчета_НачалоВыплат,"ВЫБРАТЬ
	уп_СостоянияПССрезПервых.НомерСчета КАК ПенсионныйСчет,
	уп_СостоянияПССрезПервых.Период КАК ДатаНачалаВыплат,
	ВЫБОР
		КОГДА уп_СостоянияПССрезПервых.ДатаУстановкиСостояния <> ДАТАВРЕМЯ(1, 1"
102,temp_query,ВТ_ПериодичностьВыплат,"ВЫБРАТЬ
	уп_ПериодичностьВыплат.НомерСчета КАК НомерСчета,
	ВЫБОР уп_ПериодичностьВыплат.ПериодичностьВыплат
		КОГДА ЗНАЧЕНИЕ(Перечисление.уп_ПериодичностьВыплат.Ежемесячно)
			ТОГДА ""1""
		КОГДА ЗНАЧЕ"
103,temp_query,ВТ_Срочники,"ВЫБРАТЬ
	ВТ_СостоянияПенсионныхСчетов.ПенсионныйСчет КАК ПенсионныйСчет
ПОМЕСТИТЬ ВТ_Срочники
ИЗ
	ВТ_СостоянияПенсионныхСчетов КАК ВТ_СостоянияПенсионныхСчетов
		ВНУТРЕННЕЕ СОЕДИНЕНИЕ ВТ_СхемыПенсионн"
104,temp_query,ВТ_ВыплатныеСчета,"ВЫБРАТЬ
	ВТ_СостоянияПенсионныхСчетов.ПенсионныйСчет КАК ПенсионныйСчет
ПОМЕСТИТЬ ВТ_ВыплатныеСчета
ИЗ
	ВТ_СостоянияПенсионныхСчетов КАК ВТ_СостоянияПенсионныхСчетов
ГДЕ
	ВТ_СостоянияПенсионныхСчетов."
105,temp_query,ВТ_ДатыОкончанияСрочныхВыплат,"ВЫБРАТЬ
	ДатыОкончанияСВ.НомерСчета КАК ПенсионныйСчет,
	ДатыОкончанияСВ.ДатаОкончанияСрочнойВыплаты КАК ДатаОкончанияСВ
ПОМЕСТИТЬ ВТ_ДатыОкончанияСрочныхВыплат
ИЗ
	РегистрСведений.уп_ДатыОкончанияСро"
106,temp_query,ВТ_КоличествоВыплат,"ВЫБРАТЬ
	уп_КоличествоВыплат.НомерСчета КАК ПенсионныйСчет,
	уп_КоличествоВыплат.КоличествоВыплат КАК КоличествоВыплат,
	уп_КоличествоВыплат.Период КАК Период
ПОМЕСТИТЬ ВТ_КоличествоВыплат
ИЗ
	Регистр"
107,temp_query,ВТ_РасходВыплат,"ВЫБРАТЬ
	уп_СчетчикНачисленийОбороты.НомерСчета КАК ПенсионныйСчет,
	уп_СчетчикНачисленийОбороты.КоличествоОборот КАК Количество
ПОМЕСТИТЬ ВТ_РасходВыплат
ИЗ
	РегистрНакопления.уп_СчетчикНачислений.Об"
108,temp_query,ВТ_ОстаткиВыплат,"ВЫБРАТЬ
	ВТ_КоличествоВыплат.ПенсионныйСчет КАК ПенсионныйСчет,
	ВТ_КоличествоВыплат.КоличествоВыплат - ЕСТЬNULL(ВТ_РасходВыплат.Количество, 0) КАК Остаток
ПОМЕСТИТЬ ВТ_ОстаткиВыплат
ИЗ
	ВТ_Количество"
109,temp_query,ВТ_ПоследниеВыплаты,"ВЫБРАТЬ
	уп_СчетчикНачислений.НомерСчета КАК ПенсионныйСчет,
	МАКСИМУМ(уп_СчетчикНачислений.Период) КАК ПоследняяВыплата
ПОМЕСТИТЬ ВТ_ПоследниеВыплаты
ИЗ
	РегистрНакопления.уп_СчетчикНачислений КАК уп"
110,temp_query,ВТ_ПоследниеВыплатыПоРегиструВыплат,"ВЫБРАТЬ
	ВТ_ПенсионныеСчета.ПенсионныйСчет КАК ПенсионныйСчет,
	ПоследняяВыплата.Период КАК ПоследняяВыплата,
	ПоследняяВыплата.ТипПенсии КАК ПоследняяВыплатаТипПенсии,
	уп_СхемаСчетаСрезПоследних.Тип"
111,temp_query,ВТ_РазмерПенсийФикс,"ВЫБРАТЬ
	уп_РазмерПенсииСрезПоследних.НомерСчета КАК ПенсионныйСчет,
	уп_РазмерПенсииСрезПоследних.Размер КАК Размер
ПОМЕСТИТЬ ВТ_РазмерПенсийФикс
ИЗ
	РегистрСведений.уп_РазмерПенсии.СрезПоследних(
		"
112,temp_query,ВТ_РасчетныеСуммыПенсий,"ВЫБРАТЬ
	ВТ_ОстаткиВыплат.ПенсионныйСчет КАК ПенсионныйСчет,
	ВЫРАЗИТЬ(ВТ_Суммы.ОстатокИсх / ВТ_ОстаткиВыплат.Остаток КАК ЧИСЛО(15, 2)) КАК РазмерПенсии
ПОМЕСТИТЬ ВТ_РасчетныеСуммыПенсий
ИЗ
	ВТ_Срочни"
113,temp_query,ВТ_РазмерПенсий,"ВЫБРАТЬ
	ВТ_ВыплатныеСчета.ПенсионныйСчет КАК ПенсионныйСчет,
	ВЫБОР
		КОГДА НЕ ВТ_Схемы_Свойства.ФиксированныеВыплаты
				И ВТ_Схемы_Свойства.ТипПенсионнойСхемы = ЗНАЧЕНИЕ(Перечисление.уп_ТипыПенсион"
114,unknown,Query_115,
115,temp_query,ВТ_ДополнительноВыкупнаяВкдачикуНетСПТ,"ВЫБРАТЬ
//	ВТ_ПенсионныеСчета_Свойства.ПенсионныйСчет КАК ПенсионныйСчет,
//	ВТ_ПенсионныеСчета_Свойства.ПенсионныйДоговор КАК ПенсионныйДоговор,
	ВТ_ПенсионныеСчета_Свойства.ПенсионныйДоговор.Пенсион"
116,temp_query,ВТ_РезультатПредв,"ВЫБРАТЬ
	""НПО"" КАК ВидДоговора_гр1,
//	ВЫБОР 
//		КОГДА ВТ_СостоянияПенсионныхСчетов.Состояние = ЗНАЧЕНИЕ(Перечисление.уп_СостоянияПС.НакопительныйПериод) 
//			И ВТ_ПенсионныеСчета_Свойства.ВидСчета "
117,temp_query,ВТ_258НПО,"ВЫБРАТЬ 
	ВТ_РезультатПредв.ВидДоговора_гр1 КАК ВидДоговора_гр1,
	ВТ_РезультатПредв.ВидОбязательств_гр1а КАК ВидОбязательств_гр1а,
	ВТ_РезультатПредв.НомерДоговора2 КАК НомерДоговора2,
	ВТ_РезультатПр"
